size,type,time
500,random,107
500,reversed,60
500,almost_sorted,64
600,random,88
600,reversed,48
600,almost_sorted,56
700,random,75
700,reversed,36
700,almost_sorted,41
800,random,89
800,reversed,46
800,almost_sorted,51
900,random,95
900,reversed,55
900,almost_sorted,57
1000,random,131
1000,reversed,54
1000,almost_sorted,71
1100,random,118
1100,reversed,56
1100,almost_sorted,64
1200,random,132
1200,reversed,64
1200,almost_sorted,74
1300,random,268
1300,reversed,136
1300,almost_sorted,131
1400,random,158
1400,reversed,74
1400,almost_sorted,87
1500,random,243
1500,reversed,107
1500,almost_sorted,130
1600,random,438
1600,reversed,235
1600,almost_sorted,249
1700,random,190
1700,reversed,95
1700,almost_sorted,156
1800,random,235
1800,reversed,108
1800,almost_sorted,109
1900,random,544
1900,reversed,291
1900,almost_sorted,300
2000,random,234
2000,reversed,111
2000,almost_sorted,131
2100,random,551
2100,reversed,126
2100,almost_sorted,128
2200,random,256
2200,reversed,120
2200,almost_sorted,141
2300,random,623
2300,reversed,306
2300,almost_sorted,317
2400,random,300
2400,reversed,138
2400,almost_sorted,158
2500,random,299
2500,reversed,143
2500,almost_sorted,160
2600,random,352
2600,reversed,174
2600,almost_sorted,212
2700,random,340
2700,reversed,157
2700,almost_sorted,172
2800,random,344
2800,reversed,161
2800,almost_sorted,401
2900,random,359
2900,reversed,220
2900,almost_sorted,222
3000,random,374
3000,reversed,189
3000,almost_sorted,196
3100,random,940
3100,reversed,414
3100,almost_sorted,462
3200,random,1236
3200,reversed,426
3200,almost_sorted,261
3300,random,413
3300,reversed,196
3300,almost_sorted,259
3400,random,421
3400,reversed,215
3400,almost_sorted,225
3500,random,641
3500,reversed,534
3500,almost_sorted,242
3600,random,453
3600,reversed,258
3600,almost_sorted,238
3700,random,467
3700,reversed,260
3700,almost_sorted,242
3800,random,482
3800,reversed,249
3800,almost_sorted,691
3900,random,910
3900,reversed,482
3900,almost_sorted,616
4000,random,1134
4000,reversed,557
4000,almost_sorted,600
4100,random,1145
4100,reversed,581
4100,almost_sorted,708
4200,random,623
4200,reversed,505
4200,almost_sorted,475
4300,random,943
4300,reversed,316
4300,almost_sorted,295
4400,random,582
4400,reversed,283
4400,almost_sorted,305
4500,random,589
4500,reversed,281
4500,almost_sorted,333
4600,random,597
4600,reversed,280
4600,almost_sorted,314
4700,random,1375
4700,reversed,745
4700,almost_sorted,650
4800,random,631
4800,reversed,289
4800,almost_sorted,352
4900,random,692
4900,reversed,314
4900,almost_sorted,380
5000,random,693
5000,reversed,299
5000,almost_sorted,388
5100,random,781
5100,reversed,330
5100,almost_sorted,351
5200,random,733
5200,reversed,313
5200,almost_sorted,391
5300,random,714
5300,reversed,320
5300,almost_sorted,371
5400,random,710
5400,reversed,345
5400,almost_sorted,381
5500,random,758
5500,reversed,371
5500,almost_sorted,461
5600,random,1685
5600,reversed,744
5600,almost_sorted,718
5700,random,757
5700,reversed,388
5700,almost_sorted,399
5800,random,1187
5800,reversed,365
5800,almost_sorted,407
5900,random,1787
5900,reversed,660
5900,almost_sorted,595
6000,random,833
6000,reversed,387
6000,almost_sorted,485
6100,random,1834
6100,reversed,883
6100,almost_sorted,1039
6200,random,847
6200,reversed,413
6200,almost_sorted,444
6300,random,889
6300,reversed,407
6300,almost_sorted,481
6400,random,898
6400,reversed,405
6400,almost_sorted,451
6500,random,1932
6500,reversed,755
6500,almost_sorted,620
6600,random,995
6600,reversed,493
6600,almost_sorted,1046
6700,random,1111
6700,reversed,454
6700,almost_sorted,493
6800,random,924
6800,reversed,439
6800,almost_sorted,993
6900,random,991
6900,reversed,495
6900,almost_sorted,564
7000,random,1060
7000,reversed,456
7000,almost_sorted,572
7100,random,964
7100,reversed,463
7100,almost_sorted,534
7200,random,988
7200,reversed,466
7200,almost_sorted,526
7300,random,1038
7300,reversed,479
7300,almost_sorted,519
7400,random,1021
7400,reversed,500
7400,almost_sorted,534
7500,random,1132
7500,reversed,510
7500,almost_sorted,1615
7600,random,1049
7600,reversed,488
7600,almost_sorted,570
7700,random,1085
7700,reversed,513
7700,almost_sorted,566
7800,random,1066
7800,reversed,535
7800,almost_sorted,565
7900,random,1134
7900,reversed,1169
7900,almost_sorted,597
8000,random,1123
8000,reversed,557
8000,almost_sorted,603
8100,random,1134
8100,reversed,526
8100,almost_sorted,604
8200,random,1213
8200,reversed,561
8200,almost_sorted,612
8300,random,1172
8300,reversed,548
8300,almost_sorted,614
8400,random,1225
8400,reversed,586
8400,almost_sorted,646
8500,random,1199
8500,reversed,581
8500,almost_sorted,637
8600,random,2728
8600,reversed,1237
8600,almost_sorted,631
8700,random,2761
8700,reversed,839
8700,almost_sorted,699
8800,random,1256
8800,reversed,650
8800,almost_sorted,742
8900,random,1927
8900,reversed,595
8900,almost_sorted,677
9000,random,1288
9000,reversed,605
9000,almost_sorted,678
9100,random,2822
9100,reversed,972
9100,almost_sorted,678
9200,random,1318
9200,reversed,618
9200,almost_sorted,723
9300,random,1869
9300,reversed,627
9300,almost_sorted,693
9400,random,1389
9400,reversed,654
9400,almost_sorted,702
9500,random,1345
9500,reversed,693
9500,almost_sorted,774
9600,random,1384
9600,reversed,661
9600,almost_sorted,731
9700,random,1402
9700,reversed,723
9700,almost_sorted,818
9800,random,1424
9800,reversed,639
9800,almost_sorted,756
9900,random,1470
9900,reversed,666
9900,almost_sorted,745
10000,random,1447
10000,reversed,724
10000,almost_sorted,763
10100,random,1561
10100,reversed,692
10100,almost_sorted,832
10200,random,1514
10200,reversed,687
10200,almost_sorted,746
10300,random,1535
10300,reversed,675
10300,almost_sorted,756
10400,random,1505
10400,reversed,706
10400,almost_sorted,781
10500,random,1561
10500,reversed,706
10500,almost_sorted,873
10600,random,1521
10600,reversed,716
10600,almost_sorted,790
10700,random,1579
10700,reversed,710
10700,almost_sorted,808
10800,random,1624
10800,reversed,747
10800,almost_sorted,813
10900,random,3652
10900,reversed,1269
10900,almost_sorted,944
11000,random,1603
11000,reversed,771
11000,almost_sorted,847
11100,random,1633
11100,reversed,779
11100,almost_sorted,837
11200,random,1654
11200,reversed,766
11200,almost_sorted,846
11300,random,1691
11300,reversed,841
11300,almost_sorted,860
11400,random,1680
11400,reversed,752
11400,almost_sorted,1079
11500,random,1726
11500,reversed,872
11500,almost_sorted,878
11600,random,2773
11600,reversed,861
11600,almost_sorted,1184
11700,random,2541
11700,reversed,802
11700,almost_sorted,892
11800,random,1743
11800,reversed,801
11800,almost_sorted,1003
11900,random,1843
11900,reversed,815
11900,almost_sorted,1005
12000,random,1784
12000,reversed,836
12000,almost_sorted,982
12100,random,1781
12100,reversed,887
12100,almost_sorted,934
12200,random,1861
12200,reversed,824
12200,almost_sorted,952
12300,random,1826
12300,reversed,845
12300,almost_sorted,972
12400,random,1898
12400,reversed,965
12400,almost_sorted,963
12500,random,1932
12500,reversed,954
12500,almost_sorted,1007
12600,random,1845
12600,reversed,887
12600,almost_sorted,1114
12700,random,1999
12700,reversed,967
12700,almost_sorted,1001
12800,random,1902
12800,reversed,2119
12800,almost_sorted,1028
12900,random,2160
12900,reversed,898
12900,almost_sorted,2376
13000,random,1941
13000,reversed,891
13000,almost_sorted,1170
13100,random,1972
13100,reversed,946
13100,almost_sorted,1046
13200,random,1966
13200,reversed,992
13200,almost_sorted,2466
13300,random,1984
13300,reversed,907
13300,almost_sorted,1088
13400,random,2016
13400,reversed,948
13400,almost_sorted,1064
13500,random,2021
13500,reversed,2171
13500,almost_sorted,1637
13600,random,2044
13600,reversed,1024
13600,almost_sorted,1230
13700,random,2139
13700,reversed,980
13700,almost_sorted,1121
13800,random,2167
13800,reversed,1034
13800,almost_sorted,1151
13900,random,2380
13900,reversed,1057
13900,almost_sorted,1143
14000,random,2129
14000,reversed,982
14000,almost_sorted,1219
14100,random,2138
14100,reversed,1071
14100,almost_sorted,1172
14200,random,2219
14200,reversed,2282
14200,almost_sorted,2512
14300,random,2996
14300,reversed,1031
14300,almost_sorted,1149
14400,random,2282
14400,reversed,1019
14400,almost_sorted,1125
14500,random,2185
14500,reversed,2200
14500,almost_sorted,1698
14600,random,2216
14600,reversed,1153
14600,almost_sorted,1137
14700,random,2238
14700,reversed,1043
14700,almost_sorted,1177
14800,random,2278
14800,reversed,1081
14800,almost_sorted,1309
14900,random,2333
14900,reversed,1154
14900,almost_sorted,1182
15000,random,2274
15000,reversed,1079
15000,almost_sorted,1198
15100,random,2394
15100,reversed,1119
15100,almost_sorted,1238
15200,random,2332
15200,reversed,1065
15200,almost_sorted,1354
15300,random,2451
15300,reversed,2351
15300,almost_sorted,1214
15400,random,2399
15400,reversed,1318
15400,almost_sorted,1204
15500,random,2352
15500,reversed,1187
15500,almost_sorted,1205
15600,random,2372
15600,reversed,1088
15600,almost_sorted,1226
15700,random,2447
15700,reversed,1116
15700,almost_sorted,1373
15800,random,2392
15800,reversed,1088
15800,almost_sorted,1314
15900,random,2400
15900,reversed,1169
15900,almost_sorted,1250
16000,random,2407
16000,reversed,1191
16000,almost_sorted,2830
16100,random,2480
16100,reversed,1235
16100,almost_sorted,2383
16200,random,2457
16200,reversed,1143
16200,almost_sorted,1258
16300,random,3227
16300,reversed,2515
16300,almost_sorted,2673
16400,random,2489
16400,reversed,1542
16400,almost_sorted,1316
16500,random,2506
16500,reversed,1249
16500,almost_sorted,1316
16600,random,2561
16600,reversed,1185
16600,almost_sorted,1305
16700,random,2531
16700,reversed,1165
16700,almost_sorted,1286
16800,random,2563
16800,reversed,1185
16800,almost_sorted,1313
16900,random,2577
16900,reversed,1229
16900,almost_sorted,1449
17000,random,2638
17000,reversed,1364
17000,almost_sorted,1584
17100,random,2643
17100,reversed,1212
17100,almost_sorted,2280
17200,random,2643
17200,reversed,1196
17200,almost_sorted,1344
17300,random,2690
17300,reversed,2377
17300,almost_sorted,1375
17400,random,2894
17400,reversed,1399
17400,almost_sorted,1470
17500,random,2662
17500,reversed,1245
17500,almost_sorted,1390
17600,random,2939
17600,reversed,1325
17600,almost_sorted,3269
17700,random,2718
17700,reversed,1289
17700,almost_sorted,1467
17800,random,2785
17800,reversed,1234
17800,almost_sorted,1430
17900,random,2786
17900,reversed,1285
17900,almost_sorted,1425
18000,random,2830
18000,reversed,1277
18000,almost_sorted,1433
18100,random,2785
18100,reversed,1300
18100,almost_sorted,1571
18200,random,2776
18200,reversed,1266
18200,almost_sorted,1441
18300,random,2793
18300,reversed,1275
18300,almost_sorted,1557
18400,random,2976
18400,reversed,1270
18400,almost_sorted,1486
18500,random,3006
18500,reversed,1406
18500,almost_sorted,1555
18600,random,2825
18600,reversed,1297
18600,almost_sorted,1475
18700,random,2999
18700,reversed,1322
18700,almost_sorted,1695
18800,random,3076
18800,reversed,1393
18800,almost_sorted,1505
18900,random,3393
18900,reversed,2357
18900,almost_sorted,1910
19000,random,2990
19000,reversed,1348
19000,almost_sorted,1550
19100,random,2962
19100,reversed,1395
19100,almost_sorted,1531
19200,random,3005
19200,reversed,1364
19200,almost_sorted,1546
19300,random,3063
19300,reversed,1343
19300,almost_sorted,1657
19400,random,3102
19400,reversed,1378
19400,almost_sorted,1563
19500,random,2981
19500,reversed,1388
19500,almost_sorted,1550
19600,random,3115
19600,reversed,1523
19600,almost_sorted,1620
19700,random,3128
19700,reversed,1444
19700,almost_sorted,1578
19800,random,3409
19800,reversed,1397
19800,almost_sorted,1604
19900,random,3149
19900,reversed,1417
19900,almost_sorted,1613
20000,random,3096
20000,reversed,1554
20000,almost_sorted,1600
20100,random,3370
20100,reversed,1527
20100,almost_sorted,1637
20200,random,3909
20200,reversed,1455
20200,almost_sorted,1613
20300,random,3198
20300,reversed,2357
20300,almost_sorted,1609
20400,random,3260
20400,reversed,1458
20400,almost_sorted,1797
20500,random,3557
20500,reversed,1762
20500,almost_sorted,1668
20600,random,3238
20600,reversed,1482
20600,almost_sorted,1674
20700,random,3294
20700,reversed,1480
20700,almost_sorted,1648
20800,random,3250
20800,reversed,1510
20800,almost_sorted,1874
20900,random,4778
20900,reversed,1564
20900,almost_sorted,1679
21000,random,3320
21000,reversed,1578
21000,almost_sorted,1761
21100,random,3267
21100,reversed,1508
21100,almost_sorted,1693
21200,random,3302
21200,reversed,1511
21200,almost_sorted,1708
21300,random,3322
21300,reversed,1538
21300,almost_sorted,1746
21400,random,3578
21400,reversed,2624
21400,almost_sorted,1736
21500,random,3375
21500,reversed,1646
21500,almost_sorted,1756
21600,random,3447
21600,reversed,1537
21600,almost_sorted,1774
21700,random,4101
21700,reversed,1543
21700,almost_sorted,1756
21800,random,3452
21800,reversed,1571
21800,almost_sorted,1781
21900,random,3431
21900,reversed,1604
21900,almost_sorted,1868
22000,random,3439
22000,reversed,1574
22000,almost_sorted,2429
22100,random,3505
22100,reversed,1647
22100,almost_sorted,1829
22200,random,3684
22200,reversed,1811
22200,almost_sorted,2094
22300,random,3526
22300,reversed,1656
22300,almost_sorted,1814
22400,random,3646
22400,reversed,1987
22400,almost_sorted,2506
22500,random,3575
22500,reversed,1641
22500,almost_sorted,1811
22600,random,3666
22600,reversed,1618
22600,almost_sorted,1839
22700,random,3534
22700,reversed,2593
22700,almost_sorted,1849
22800,random,3670
22800,reversed,1679
22800,almost_sorted,1896
22900,random,3688
22900,reversed,1681
22900,almost_sorted,1866
23000,random,3635
23000,reversed,1707
23000,almost_sorted,1903
23100,random,4248
23100,reversed,1913
23100,almost_sorted,1901
23200,random,3842
23200,reversed,1689
23200,almost_sorted,2044
23300,random,3812
23300,reversed,1705
23300,almost_sorted,1937
23400,random,3740
23400,reversed,3790
23400,almost_sorted,2024
23500,random,3742
23500,reversed,1691
23500,almost_sorted,1985
23600,random,3726
23600,reversed,1757
23600,almost_sorted,2125
23700,random,3733
23700,reversed,1783
23700,almost_sorted,2268
23800,random,4027
23800,reversed,1971
23800,almost_sorted,1963
23900,random,3847
23900,reversed,1850
23900,almost_sorted,1971
24000,random,3796
24000,reversed,1762
24000,almost_sorted,2000
24100,random,5441
24100,reversed,2829
24100,almost_sorted,2008
24200,random,3961
24200,reversed,1866
24200,almost_sorted,2010
24300,random,4072
24300,reversed,1872
24300,almost_sorted,1975
24400,random,3960
24400,reversed,1812
24400,almost_sorted,2006
24500,random,3875
24500,reversed,1794
24500,almost_sorted,2013
24600,random,3843
24600,reversed,1979
24600,almost_sorted,2007
24700,random,4467
24700,reversed,1805
24700,almost_sorted,2060
24800,random,4160
24800,reversed,1865
24800,almost_sorted,2181
24900,random,4136
24900,reversed,1819
24900,almost_sorted,2061
25000,random,4523
25000,reversed,2039
25000,almost_sorted,2608
25100,random,3987
25100,reversed,1854
25100,almost_sorted,2079
25200,random,3958
25200,reversed,1873
25200,almost_sorted,2082
25300,random,4042
25300,reversed,2071
25300,almost_sorted,2175
25400,random,4361
25400,reversed,1984
25400,almost_sorted,2437
25500,random,4011
25500,reversed,1940
25500,almost_sorted,2137
25600,random,4007
25600,reversed,1902
25600,almost_sorted,4184
25700,random,4188
25700,reversed,1998
25700,almost_sorted,2116
25800,random,4167
25800,reversed,2179
25800,almost_sorted,2192
25900,random,4287
25900,reversed,1964
25900,almost_sorted,2172
26000,random,4319
26000,reversed,1978
26000,almost_sorted,2151
26100,random,4558
26100,reversed,1953
26100,almost_sorted,4438
26200,random,4133
26200,reversed,1984
26200,almost_sorted,2177
26300,random,4165
26300,reversed,2010
26300,almost_sorted,2193
26400,random,4453
26400,reversed,3180
26400,almost_sorted,2270
26500,random,4197
26500,reversed,2021
26500,almost_sorted,2209
26600,random,4313
26600,reversed,2080
26600,almost_sorted,2209
26700,random,4354
26700,reversed,2091
26700,almost_sorted,3060
26800,random,5976
26800,reversed,1993
26800,almost_sorted,3365
26900,random,4372
26900,reversed,2029
26900,almost_sorted,2482
27000,random,4296
27000,reversed,2086
27000,almost_sorted,2259
27100,random,4274
27100,reversed,2043
27100,almost_sorted,2437
27200,random,4363
27200,reversed,2018
27200,almost_sorted,2407
27300,random,4384
27300,reversed,2055
27300,almost_sorted,2501
27400,random,4468
27400,reversed,4066
27400,almost_sorted,2416
27500,random,4701
27500,reversed,2306
27500,almost_sorted,2339
27600,random,4555
27600,reversed,2103
27600,almost_sorted,2316
27700,random,4389
27700,reversed,2396
27700,almost_sorted,2451
27800,random,4513
27800,reversed,2081
27800,almost_sorted,2589
27900,random,5098
27900,reversed,2174
27900,almost_sorted,2375
28000,random,4500
28000,reversed,2103
28000,almost_sorted,2486
28100,random,9665
28100,reversed,2158
28100,almost_sorted,2408
28200,random,4535
28200,reversed,2149
28200,almost_sorted,2358
28300,random,4656
28300,reversed,2159
28300,almost_sorted,2358
28400,random,4522
28400,reversed,2208
28400,almost_sorted,2396
28500,random,4687
28500,reversed,2159
28500,almost_sorted,2516
28600,random,4618
28600,reversed,2195
28600,almost_sorted,2559
28700,random,4613
28700,reversed,2191
28700,almost_sorted,2380
28800,random,4631
28800,reversed,2191
28800,almost_sorted,2461
28900,random,4582
28900,reversed,2176
28900,almost_sorted,2460
29000,random,4698
29000,reversed,2197
29000,almost_sorted,2626
29100,random,4657
29100,reversed,2269
29100,almost_sorted,2430
29200,random,4767
29200,reversed,2192
29200,almost_sorted,2707
29300,random,4775
29300,reversed,2224
29300,almost_sorted,2495
29400,random,4738
29400,reversed,2222
29400,almost_sorted,2463
29500,random,4734
29500,reversed,2328
29500,almost_sorted,2512
29600,random,4797
29600,reversed,2362
29600,almost_sorted,3211
29700,random,4905
29700,reversed,2323
29700,almost_sorted,2584
29800,random,4795
29800,reversed,2345
29800,almost_sorted,2480
29900,random,4939
29900,reversed,4429
29900,almost_sorted,3176
30000,random,4777
30000,reversed,2288
30000,almost_sorted,2537
30100,random,4825
30100,reversed,2587
30100,almost_sorted,2569
30200,random,5021
30200,reversed,2528
30200,almost_sorted,2526
30300,random,5200
30300,reversed,2290
30300,almost_sorted,2600
30400,random,4962
30400,reversed,2340
30400,almost_sorted,2538
30500,random,4991
30500,reversed,2334
30500,almost_sorted,2582
30600,random,4865
30600,reversed,2381
30600,almost_sorted,3131
30700,random,5052
30700,reversed,2425
30700,almost_sorted,2655
30800,random,5079
30800,reversed,2431
30800,almost_sorted,3219
30900,random,5079
30900,reversed,2319
30900,almost_sorted,2654
31000,random,5103
31000,reversed,2550
31000,almost_sorted,3375
31100,random,5205
31100,reversed,2375
31100,almost_sorted,2602
31200,random,5089
31200,reversed,2481
31200,almost_sorted,2596
31300,random,5616
31300,reversed,2405
31300,almost_sorted,2673
31400,random,5376
31400,reversed,2403
31400,almost_sorted,2615
31500,random,5141
31500,reversed,2369
31500,almost_sorted,2691
31600,random,5240
31600,reversed,2502
31600,almost_sorted,2649
31700,random,5113
31700,reversed,2480
31700,almost_sorted,2654
31800,random,5225
31800,reversed,2461
31800,almost_sorted,2854
31900,random,5338
31900,reversed,2362
31900,almost_sorted,2943
32000,random,5192
32000,reversed,2390
32000,almost_sorted,2755
32100,random,5275
32100,reversed,2661
32100,almost_sorted,2685
32200,random,5381
32200,reversed,2429
32200,almost_sorted,2695
32300,random,5306
32300,reversed,4770
32300,almost_sorted,3005
32400,random,5250
32400,reversed,2713
32400,almost_sorted,2941
32500,random,5401
32500,reversed,2424
32500,almost_sorted,2736
32600,random,5243
32600,reversed,2414
32600,almost_sorted,2710
32700,random,5423
32700,reversed,2787
32700,almost_sorted,2729
32800,random,5311
32800,reversed,2460
32800,almost_sorted,3658
32900,random,5373
32900,reversed,2577
32900,almost_sorted,2905
33000,random,5453
33000,reversed,2478
33000,almost_sorted,2776
33100,random,5460
33100,reversed,2515
33100,almost_sorted,4381
33200,random,5455
33200,reversed,2476
33200,almost_sorted,2804
33300,random,5520
33300,reversed,2464
33300,almost_sorted,2887
33400,random,5551
33400,reversed,2705
33400,almost_sorted,3065
33500,random,5458
33500,reversed,2598
33500,almost_sorted,3694
33600,random,5687
33600,reversed,2733
33600,almost_sorted,3036
33700,random,5463
33700,reversed,2598
33700,almost_sorted,2865
33800,random,5673
33800,reversed,2719
33800,almost_sorted,2856
33900,random,5557
33900,reversed,2608
33900,almost_sorted,2995
34000,random,5752
34000,reversed,2685
34000,almost_sorted,3028
34100,random,5597
34100,reversed,2827
34100,almost_sorted,3078
34200,random,5916
34200,reversed,2582
34200,almost_sorted,3067
34300,random,5696
34300,reversed,2605
34300,almost_sorted,3218
34400,random,5683
34400,reversed,2628
34400,almost_sorted,4095
34500,random,5712
34500,reversed,2764
34500,almost_sorted,2935
34600,random,5638
34600,reversed,2745
34600,almost_sorted,2947
34700,random,5620
34700,reversed,2627
34700,almost_sorted,2929
34800,random,7487
34800,reversed,2590
34800,almost_sorted,3054
34900,random,5691
34900,reversed,2667
34900,almost_sorted,3010
35000,random,5766
35000,reversed,2619
35000,almost_sorted,3004
35100,random,5842
35100,reversed,2708
35100,almost_sorted,3029
35200,random,5791
35200,reversed,2682
35200,almost_sorted,3204
35300,random,5841
35300,reversed,2691
35300,almost_sorted,3030
35400,random,5901
35400,reversed,2763
35400,almost_sorted,3039
35500,random,5892
35500,reversed,2721
35500,almost_sorted,3371
35600,random,6036
35600,reversed,2801
35600,almost_sorted,3119
35700,random,5898
35700,reversed,2704
35700,almost_sorted,3352
35800,random,6089
35800,reversed,2858
35800,almost_sorted,3100
35900,random,6203
35900,reversed,2760
35900,almost_sorted,3135
36000,random,5887
36000,reversed,2734
36000,almost_sorted,3121
36100,random,6013
36100,reversed,2790
36100,almost_sorted,3226
36200,random,5883
36200,reversed,2742
36200,almost_sorted,3096
36300,random,6281
36300,reversed,3039
36300,almost_sorted,4750
36400,random,6137
36400,reversed,2877
36400,almost_sorted,3115
36500,random,6163
36500,reversed,2759
36500,almost_sorted,3318
36600,random,6034
36600,reversed,2821
36600,almost_sorted,3172
36700,random,6032
36700,reversed,2988
36700,almost_sorted,3303
36800,random,6145
36800,reversed,2788
36800,almost_sorted,3257
36900,random,6053
36900,reversed,3015
36900,almost_sorted,3333
37000,random,6123
37000,reversed,2906
37000,almost_sorted,3177
37100,random,6026
37100,reversed,2804
37100,almost_sorted,3208
37200,random,6248
37200,reversed,3145
37200,almost_sorted,3264
37300,random,6213
37300,reversed,2856
37300,almost_sorted,3315
37400,random,6105
37400,reversed,2894
37400,almost_sorted,3651
37500,random,9372
37500,reversed,5716
37500,almost_sorted,3220
37600,random,6270
37600,reversed,2841
37600,almost_sorted,3314
37700,random,6361
37700,reversed,2914
37700,almost_sorted,3256
37800,random,6959
37800,reversed,2821
37800,almost_sorted,3224
37900,random,6237
37900,reversed,3099
37900,almost_sorted,3263
38000,random,6209
38000,reversed,2974
38000,almost_sorted,3732
38100,random,6394
38100,reversed,3006
38100,almost_sorted,3694
38200,random,7532
38200,reversed,3254
38200,almost_sorted,3239
38300,random,6496
38300,reversed,2976
38300,almost_sorted,3260
38400,random,6425
38400,reversed,2927
38400,almost_sorted,3767
38500,random,6686
38500,reversed,3188
38500,almost_sorted,3544
38600,random,6422
38600,reversed,2940
38600,almost_sorted,3357
38700,random,6475
38700,reversed,3428
38700,almost_sorted,3545
38800,random,6549
38800,reversed,3045
38800,almost_sorted,3324
38900,random,6494
38900,reversed,2975
38900,almost_sorted,3335
39000,random,6394
39000,reversed,3018
39000,almost_sorted,4801
39100,random,6516
39100,reversed,2952
39100,almost_sorted,3426
39200,random,6914
39200,reversed,3077
39200,almost_sorted,3427
39300,random,6595
39300,reversed,3278
39300,almost_sorted,4558
39400,random,6596
39400,reversed,3067
39400,almost_sorted,3470
39500,random,6601
39500,reversed,3061
39500,almost_sorted,3402
39600,random,6691
39600,reversed,3074
39600,almost_sorted,3612
39700,random,6581
39700,reversed,3001
39700,almost_sorted,3424
39800,random,6710
39800,reversed,3050
39800,almost_sorted,3496
39900,random,6535
39900,reversed,3049
39900,almost_sorted,3691
40000,random,6780
40000,reversed,3084
40000,almost_sorted,3410
40100,random,6949
40100,reversed,3057
40100,almost_sorted,3489
40200,random,6770
40200,reversed,3135
40200,almost_sorted,3575
40300,random,6696
40300,reversed,3089
40300,almost_sorted,3578
40400,random,6829
40400,reversed,3083
40400,almost_sorted,3512
40500,random,8751
40500,reversed,4093
40500,almost_sorted,4141
40600,random,6740
40600,reversed,3269
40600,almost_sorted,3538
40700,random,6868
40700,reversed,3176
40700,almost_sorted,3547
40800,random,6817
40800,reversed,3287
40800,almost_sorted,3610
40900,random,6758
40900,reversed,3117
40900,almost_sorted,3550
41000,random,6815
41000,reversed,3147
41000,almost_sorted,3708
41100,random,6861
41100,reversed,3357
41100,almost_sorted,3523
41200,random,6788
41200,reversed,3235
41200,almost_sorted,3524
41300,random,7275
41300,reversed,3253
41300,almost_sorted,3567
41400,random,6969
41400,reversed,3198
41400,almost_sorted,3565
41500,random,6863
41500,reversed,5147
41500,almost_sorted,3567
41600,random,7302
41600,reversed,3302
41600,almost_sorted,3637
41700,random,6934
41700,reversed,3229
41700,almost_sorted,3875
41800,random,7031
41800,reversed,3203
41800,almost_sorted,3854
41900,random,6953
41900,reversed,3349
41900,almost_sorted,3650
42000,random,7269
42000,reversed,3249
42000,almost_sorted,3797
42100,random,6918
42100,reversed,3388
42100,almost_sorted,3710
42200,random,7024
42200,reversed,3289
42200,almost_sorted,3680
42300,random,6995
42300,reversed,3332
42300,almost_sorted,3646
42400,random,6989
42400,reversed,3356
42400,almost_sorted,3729
42500,random,7072
42500,reversed,3373
42500,almost_sorted,3815
42600,random,7208
42600,reversed,3302
42600,almost_sorted,3714
42700,random,7390
42700,reversed,3532
42700,almost_sorted,3775
42800,random,7016
42800,reversed,3366
42800,almost_sorted,3774
42900,random,7076
42900,reversed,3458
42900,almost_sorted,3980
43000,random,7082
43000,reversed,3314
43000,almost_sorted,3743
43100,random,7486
43100,reversed,3358
43100,almost_sorted,3763
43200,random,7191
43200,reversed,3442
43200,almost_sorted,3724
43300,random,7132
43300,reversed,3341
43300,almost_sorted,4008
43400,random,7178
43400,reversed,3348
43400,almost_sorted,3986
43500,random,7413
43500,reversed,3380
43500,almost_sorted,3812
43600,random,7625
43600,reversed,3433
43600,almost_sorted,3962
43700,random,7329
43700,reversed,3320
43700,almost_sorted,4058
43800,random,7247
43800,reversed,3481
43800,almost_sorted,3866
43900,random,7256
43900,reversed,3453
43900,almost_sorted,3809
44000,random,7283
44000,reversed,3462
44000,almost_sorted,3974
44100,random,7355
44100,reversed,3481
44100,almost_sorted,4168
44200,random,7405
44200,reversed,3561
44200,almost_sorted,3985
44300,random,7380
44300,reversed,3428
44300,almost_sorted,4110
44400,random,7446
44400,reversed,3544
44400,almost_sorted,4484
44500,random,7413
44500,reversed,3428
44500,almost_sorted,7262
44600,random,7505
44600,reversed,3476
44600,almost_sorted,3898
44700,random,7592
44700,reversed,3395
44700,almost_sorted,4000
44800,random,7731
44800,reversed,3628
44800,almost_sorted,4217
44900,random,7564
44900,reversed,3472
44900,almost_sorted,3925
45000,random,7509
45000,reversed,3651
45000,almost_sorted,3955
45100,random,7620
45100,reversed,3420
45100,almost_sorted,3920
45200,random,7544
45200,reversed,3456
45200,almost_sorted,4202
45300,random,7739
45300,reversed,3728
45300,almost_sorted,3961
45400,random,7721
45400,reversed,3558
45400,almost_sorted,3978
45500,random,7588
45500,reversed,3556
45500,almost_sorted,4070
45600,random,7740
45600,reversed,3656
45600,almost_sorted,4262
45700,random,7614
45700,reversed,3637
45700,almost_sorted,4211
45800,random,7696
45800,reversed,3675
45800,almost_sorted,4294
45900,random,7794
45900,reversed,3637
45900,almost_sorted,5400
46000,random,8171
46000,reversed,3664
46000,almost_sorted,4623
46100,random,7775
46100,reversed,3845
46100,almost_sorted,4046
46200,random,7850
46200,reversed,3625
46200,almost_sorted,4227
46300,random,7947
46300,reversed,3884
46300,almost_sorted,4080
46400,random,8128
46400,reversed,3602
46400,almost_sorted,4119
46500,random,7931
46500,reversed,3871
46500,almost_sorted,4087
46600,random,7838
46600,reversed,3638
46600,almost_sorted,4113
46700,random,7905
46700,reversed,3624
46700,almost_sorted,4350
46800,random,7903
46800,reversed,3784
46800,almost_sorted,4160
46900,random,10091
46900,reversed,3653
46900,almost_sorted,4297
47000,random,7981
47000,reversed,3647
47000,almost_sorted,4392
47100,random,8119
47100,reversed,4081
47100,almost_sorted,4509
47200,random,8549
47200,reversed,3680
47200,almost_sorted,4295
47300,random,9049
47300,reversed,3636
47300,almost_sorted,4415
47400,random,7993
47400,reversed,3819
47400,almost_sorted,4302
47500,random,7901
47500,reversed,3908
47500,almost_sorted,5430
47600,random,7990
47600,reversed,3690
47600,almost_sorted,4298
47700,random,8134
47700,reversed,3832
47700,almost_sorted,4308
47800,random,8250
47800,reversed,3856
47800,almost_sorted,4465
47900,random,8184
47900,reversed,3794
47900,almost_sorted,4258
48000,random,8040
48000,reversed,3760
48000,almost_sorted,4219
48100,random,8203
48100,reversed,3854
48100,almost_sorted,4276
48200,random,8099
48200,reversed,3850
48200,almost_sorted,4797
48300,random,8239
48300,reversed,3806
48300,almost_sorted,4411
48400,random,8424
48400,reversed,4007
48400,almost_sorted,4276
48500,random,8138
48500,reversed,3779
48500,almost_sorted,4508
48600,random,8224
48600,reversed,3874
48600,almost_sorted,4419
48700,random,9978
48700,reversed,3853
48700,almost_sorted,4319
48800,random,8416
48800,reversed,3910
48800,almost_sorted,4386
48900,random,8341
48900,reversed,4006
48900,almost_sorted,4477
49000,random,8382
49000,reversed,3902
49000,almost_sorted,4619
49100,random,8330
49100,reversed,3838
49100,almost_sorted,4424
49200,random,8150
49200,reversed,3886
49200,almost_sorted,4568
49300,random,8269
49300,reversed,3990
49300,almost_sorted,4725
49400,random,8180
49400,reversed,3954
49400,almost_sorted,4308
49500,random,8673
49500,reversed,9019
49500,almost_sorted,5864
49600,random,9017
49600,reversed,4271
49600,almost_sorted,4910
49700,random,8317
49700,reversed,4268
49700,almost_sorted,4567
49800,random,8243
49800,reversed,5030
49800,almost_sorted,4626
49900,random,8458
49900,reversed,3976
49900,almost_sorted,4403
50000,random,8558
50000,reversed,3967
50000,almost_sorted,4622
50100,random,8602
50100,reversed,4833
50100,almost_sorted,4457
50200,random,8607
50200,reversed,3937
50200,almost_sorted,4413
50300,random,11346
50300,reversed,4156
50300,almost_sorted,5083
50400,random,8656
50400,reversed,4099
50400,almost_sorted,4558
50500,random,8606
50500,reversed,4080
50500,almost_sorted,4782
50600,random,8591
50600,reversed,3976
50600,almost_sorted,4902
50700,random,8559
50700,reversed,4114
50700,almost_sorted,5698
50800,random,9151
50800,reversed,4074
50800,almost_sorted,4663
50900,random,8546
50900,reversed,4041
50900,almost_sorted,4775
51000,random,8893
51000,reversed,4079
51000,almost_sorted,4694
51100,random,8563
51100,reversed,3999
51100,almost_sorted,4661
51200,random,8689
51200,reversed,4055
51200,almost_sorted,5250
51300,random,8554
51300,reversed,4360
51300,almost_sorted,4841
51400,random,8650
51400,reversed,4146
51400,almost_sorted,4708
51500,random,9173
51500,reversed,4264
51500,almost_sorted,4603
51600,random,8688
51600,reversed,4119
51600,almost_sorted,4969
51700,random,9347
51700,reversed,4384
51700,almost_sorted,5382
51800,random,9683
51800,reversed,4854
51800,almost_sorted,4733
51900,random,8696
51900,reversed,4119
51900,almost_sorted,5215
52000,random,8838
52000,reversed,4210
52000,almost_sorted,4642
52100,random,8775
52100,reversed,4436
52100,almost_sorted,4842
52200,random,8822
52200,reversed,4428
52200,almost_sorted,6803
52300,random,8885
52300,reversed,4465
52300,almost_sorted,5057
52400,random,14311
52400,reversed,7171
52400,almost_sorted,8666
52500,random,10420
52500,reversed,6383
52500,almost_sorted,6843
52600,random,9164
52600,reversed,4436
52600,almost_sorted,8887
52700,random,8999
52700,reversed,5499
52700,almost_sorted,4690
52800,random,10068
52800,reversed,4339
52800,almost_sorted,5088
52900,random,9202
52900,reversed,4672
52900,almost_sorted,6167
53000,random,9509
53000,reversed,4385
53000,almost_sorted,5444
53100,random,8966
53100,reversed,4265
53100,almost_sorted,4751
53200,random,10877
53200,reversed,5627
53200,almost_sorted,5070
53300,random,9208
53300,reversed,4376
53300,almost_sorted,4757
53400,random,12710
53400,reversed,7680
53400,almost_sorted,7261
53500,random,9054
53500,reversed,4330
53500,almost_sorted,4823
53600,random,13461
53600,reversed,4587
53600,almost_sorted,4992
53700,random,10919
53700,reversed,5452
53700,almost_sorted,4969
53800,random,9580
53800,reversed,5320
53800,almost_sorted,6089
53900,random,11179
53900,reversed,4453
53900,almost_sorted,4942
54000,random,10382
54000,reversed,4589
54000,almost_sorted,5031
54100,random,9475
54100,reversed,4512
54100,almost_sorted,5093
54200,random,9597
54200,reversed,4856
54200,almost_sorted,6165
54300,random,9274
54300,reversed,4334
54300,almost_sorted,4847
54400,random,9285
54400,reversed,4450
54400,almost_sorted,5179
54500,random,9246
54500,reversed,4454
54500,almost_sorted,4938
54600,random,9692
54600,reversed,4487
54600,almost_sorted,5208
54700,random,9459
54700,reversed,4677
54700,almost_sorted,5217
54800,random,11302
54800,reversed,4409
54800,almost_sorted,5078
54900,random,9222
54900,reversed,4334
54900,almost_sorted,5018
55000,random,9559
55000,reversed,4390
55000,almost_sorted,4836
55100,random,9591
55100,reversed,4513
55100,almost_sorted,4912
55200,random,9528
55200,reversed,4504
55200,almost_sorted,5209
55300,random,9337
55300,reversed,6517
55300,almost_sorted,7640
55400,random,9905
55400,reversed,4465
55400,almost_sorted,5632
55500,random,9791
55500,reversed,4623
55500,almost_sorted,4984
55600,random,13139
55600,reversed,4901
55600,almost_sorted,5953
55700,random,9895
55700,reversed,4486
55700,almost_sorted,5136
55800,random,9498
55800,reversed,4526
55800,almost_sorted,5995
55900,random,9535
55900,reversed,4557
55900,almost_sorted,5101
56000,random,15503
56000,reversed,4664
56000,almost_sorted,5089
56100,random,9497
56100,reversed,4509
56100,almost_sorted,5227
56200,random,9553
56200,reversed,4836
56200,almost_sorted,5031
56300,random,9884
56300,reversed,4594
56300,almost_sorted,5246
56400,random,9455
56400,reversed,4565
56400,almost_sorted,5191
56500,random,9648
56500,reversed,4835
56500,almost_sorted,5363
56600,random,9408
56600,reversed,4578
56600,almost_sorted,5286
56700,random,9511
56700,reversed,4666
56700,almost_sorted,7007
56800,random,9681
56800,reversed,4691
56800,almost_sorted,5090
56900,random,9522
56900,reversed,4745
56900,almost_sorted,5230
57000,random,9964
57000,reversed,4830
57000,almost_sorted,5244
57100,random,9847
57100,reversed,4724
57100,almost_sorted,5185
57200,random,9607
57200,reversed,4740
57200,almost_sorted,5171
57300,random,9735
57300,reversed,4873
57300,almost_sorted,5210
57400,random,9826
57400,reversed,4959
57400,almost_sorted,5539
57500,random,9833
57500,reversed,4653
57500,almost_sorted,5295
57600,random,11285
57600,reversed,9103
57600,almost_sorted,7814
57700,random,10449
57700,reversed,5044
57700,almost_sorted,5835
57800,random,11646
57800,reversed,6797
57800,almost_sorted,5401
57900,random,14293
57900,reversed,5345
57900,almost_sorted,5458
58000,random,12723
58000,reversed,5020
58000,almost_sorted,5429
58100,random,10262
58100,reversed,4741
58100,almost_sorted,6266
58200,random,13333
58200,reversed,6596
58200,almost_sorted,7027
58300,random,10106
58300,reversed,5128
58300,almost_sorted,6135
58400,random,16626
58400,reversed,4994
58400,almost_sorted,6543
58500,random,15425
58500,reversed,5224
58500,almost_sorted,5833
58600,random,10565
58600,reversed,5005
58600,almost_sorted,5444
58700,random,10713
58700,reversed,5279
58700,almost_sorted,8574
58800,random,10056
58800,reversed,5011
58800,almost_sorted,6209
58900,random,15771
58900,reversed,11072
58900,almost_sorted,11416
59000,random,10192
59000,reversed,5039
59000,almost_sorted,5569
59100,random,10041
59100,reversed,4762
59100,almost_sorted,5404
59200,random,12980
59200,reversed,4770
59200,almost_sorted,5641
59300,random,10430
59300,reversed,5271
59300,almost_sorted,5335
59400,random,10237
59400,reversed,4928
59400,almost_sorted,5440
59500,random,10608
59500,reversed,4982
59500,almost_sorted,5275
59600,random,9999
59600,reversed,4897
59600,almost_sorted,5368
59700,random,10793
59700,reversed,4803
59700,almost_sorted,5297
59800,random,10311
59800,reversed,5970
59800,almost_sorted,5336
59900,random,10092
59900,reversed,5010
59900,almost_sorted,5341
60000,random,10388
60000,reversed,5102
60000,almost_sorted,5682
60100,random,10570
60100,reversed,5065
60100,almost_sorted,5634
60200,random,10351
60200,reversed,5109
60200,almost_sorted,5460
60300,random,10353
60300,reversed,4935
60300,almost_sorted,5621
60400,random,10338
60400,reversed,4941
60400,almost_sorted,5344
60500,random,10406
60500,reversed,4977
60500,almost_sorted,5637
60600,random,10566
60600,reversed,4840
60600,almost_sorted,5485
60700,random,10818
60700,reversed,4940
60700,almost_sorted,5451
60800,random,10998
60800,reversed,5004
60800,almost_sorted,6402
60900,random,10227
60900,reversed,5132
60900,almost_sorted,5460
61000,random,10545
61000,reversed,5140
61000,almost_sorted,5619
61100,random,10545
61100,reversed,5240
61100,almost_sorted,5644
61200,random,10422
61200,reversed,5223
61200,almost_sorted,5533
61300,random,10737
61300,reversed,5194
61300,almost_sorted,5583
61400,random,10623
61400,reversed,5124
61400,almost_sorted,5568
61500,random,10668
61500,reversed,5113
61500,almost_sorted,5925
61600,random,10624
61600,reversed,5607
61600,almost_sorted,5949
61700,random,12639
61700,reversed,5308
61700,almost_sorted,5438
61800,random,10580
61800,reversed,5023
61800,almost_sorted,5462
61900,random,10595
61900,reversed,5490
61900,almost_sorted,5614
62000,random,10734
62000,reversed,5282
62000,almost_sorted,6414
62100,random,10641
62100,reversed,5453
62100,almost_sorted,5926
62200,random,10727
62200,reversed,5215
62200,almost_sorted,5776
62300,random,10686
62300,reversed,5155
62300,almost_sorted,5948
62400,random,10882
62400,reversed,5026
62400,almost_sorted,5649
62500,random,10901
62500,reversed,6229
62500,almost_sorted,5869
62600,random,10659
62600,reversed,5148
62600,almost_sorted,5819
62700,random,17072
62700,reversed,5078
62700,almost_sorted,5693
62800,random,17206
62800,reversed,5900
62800,almost_sorted,8012
62900,random,11440
62900,reversed,5513
62900,almost_sorted,6003
63000,random,13249
63000,reversed,5082
63000,almost_sorted,5919
63100,random,13290
63100,reversed,5066
63100,almost_sorted,6199
63200,random,12535
63200,reversed,5315
63200,almost_sorted,5630
63300,random,11071
63300,reversed,6717
63300,almost_sorted,5719
63400,random,11217
63400,reversed,5260
63400,almost_sorted,5952
63500,random,12142
63500,reversed,5156
63500,almost_sorted,6589
63600,random,10824
63600,reversed,5194
63600,almost_sorted,5781
63700,random,10738
63700,reversed,5108
63700,almost_sorted,5851
63800,random,11023
63800,reversed,5257
63800,almost_sorted,5927
63900,random,11159
63900,reversed,5461
63900,almost_sorted,6330
64000,random,11128
64000,reversed,5410
64000,almost_sorted,6165
64100,random,10983
64100,reversed,5976
64100,almost_sorted,7107
64200,random,10995
64200,reversed,5516
64200,almost_sorted,6059
64300,random,11104
64300,reversed,7246
64300,almost_sorted,5832
64400,random,11512
64400,reversed,5380
64400,almost_sorted,5802
64500,random,11357
64500,reversed,8151
64500,almost_sorted,6965
64600,random,11426
64600,reversed,7968
64600,almost_sorted,6375
64700,random,11320
64700,reversed,5206
64700,almost_sorted,5948
64800,random,11352
64800,reversed,5231
64800,almost_sorted,5906
64900,random,11094
64900,reversed,5404
64900,almost_sorted,6017
65000,random,13698
65000,reversed,5444
65000,almost_sorted,6096
65100,random,11257
65100,reversed,5373
65100,almost_sorted,5816
65200,random,11271
65200,reversed,5319
65200,almost_sorted,5985
65300,random,11251
65300,reversed,5527
65300,almost_sorted,5970
65400,random,11408
65400,reversed,5313
65400,almost_sorted,5914
65500,random,11200
65500,reversed,5224
65500,almost_sorted,6175
65600,random,11289
65600,reversed,7146
65600,almost_sorted,5989
65700,random,13132
65700,reversed,5462
65700,almost_sorted,5839
65800,random,11293
65800,reversed,5383
65800,almost_sorted,5891
65900,random,11701
65900,reversed,5306
65900,almost_sorted,6182
66000,random,11288
66000,reversed,5313
66000,almost_sorted,6479
66100,random,11479
66100,reversed,5514
66100,almost_sorted,6946
66200,random,11440
66200,reversed,6035
66200,almost_sorted,7460
66300,random,11345
66300,reversed,5330
66300,almost_sorted,6494
66400,random,12015
66400,reversed,5337
66400,almost_sorted,5960
66500,random,12475
66500,reversed,5442
66500,almost_sorted,6090
66600,random,12999
66600,reversed,5488
66600,almost_sorted,6013
66700,random,11512
66700,reversed,5996
66700,almost_sorted,6182
66800,random,11627
66800,reversed,9058
66800,almost_sorted,9503
66900,random,16908
66900,reversed,5483
66900,almost_sorted,6107
67000,random,11563
67000,reversed,5611
67000,almost_sorted,6101
67100,random,11559
67100,reversed,5519
67100,almost_sorted,6098
67200,random,11462
67200,reversed,5604
67200,almost_sorted,6208
67300,random,12262
67300,reversed,5524
67300,almost_sorted,6018
67400,random,11840
67400,reversed,5510
67400,almost_sorted,6426
67500,random,13260
67500,reversed,5732
67500,almost_sorted,6770
67600,random,11501
67600,reversed,5652
67600,almost_sorted,6191
67700,random,11952
67700,reversed,6723
67700,almost_sorted,6113
67800,random,11935
67800,reversed,5779
67800,almost_sorted,6147
67900,random,11908
67900,reversed,5642
67900,almost_sorted,6203
68000,random,12097
68000,reversed,5545
68000,almost_sorted,6304
68100,random,11870
68100,reversed,5799
68100,almost_sorted,6084
68200,random,11971
68200,reversed,5544
68200,almost_sorted,6192
68300,random,12055
68300,reversed,5889
68300,almost_sorted,6588
68400,random,12203
68400,reversed,5563
68400,almost_sorted,6304
68500,random,12777
68500,reversed,5536
68500,almost_sorted,8105
68600,random,11782
68600,reversed,5733
68600,almost_sorted,6302
68700,random,12046
68700,reversed,5787
68700,almost_sorted,6279
68800,random,11929
68800,reversed,5731
68800,almost_sorted,6273
68900,random,11956
68900,reversed,5774
68900,almost_sorted,6408
69000,random,11991
69000,reversed,5535
69000,almost_sorted,6455
69100,random,11994
69100,reversed,5721
69100,almost_sorted,6495
69200,random,11916
69200,reversed,5764
69200,almost_sorted,9112
69300,random,11998
69300,reversed,6137
69300,almost_sorted,6367
69400,random,11944
69400,reversed,5939
69400,almost_sorted,6660
69500,random,12373
69500,reversed,5569
69500,almost_sorted,6649
69600,random,12317
69600,reversed,5606
69600,almost_sorted,6490
69700,random,11998
69700,reversed,5645
69700,almost_sorted,6646
69800,random,13418
69800,reversed,5630
69800,almost_sorted,6446
69900,random,12509
69900,reversed,6321
69900,almost_sorted,6412
70000,random,12546
70000,reversed,5996
70000,almost_sorted,6677
70100,random,12543
70100,reversed,5942
70100,almost_sorted,6718
70200,random,12400
70200,reversed,5672
70200,almost_sorted,6417
70300,random,12502
70300,reversed,5619
70300,almost_sorted,6541
70400,random,12471
70400,reversed,5790
70400,almost_sorted,6632
70500,random,12475
70500,reversed,5762
70500,almost_sorted,6530
70600,random,12208
70600,reversed,5834
70600,almost_sorted,6641
70700,random,12425
70700,reversed,6012
70700,almost_sorted,6611
70800,random,13373
70800,reversed,5832
70800,almost_sorted,6904
70900,random,12495
70900,reversed,5865
70900,almost_sorted,7008
71000,random,12355
71000,reversed,5829
71000,almost_sorted,6764
71100,random,12399
71100,reversed,5979
71100,almost_sorted,6660
71200,random,12618
71200,reversed,6128
71200,almost_sorted,7058
71300,random,12713
71300,reversed,5777
71300,almost_sorted,6714
71400,random,15440
71400,reversed,5792
71400,almost_sorted,6835
71500,random,16019
71500,reversed,10650
71500,almost_sorted,7227
71600,random,12464
71600,reversed,5777
71600,almost_sorted,6753
71700,random,12470
71700,reversed,6028
71700,almost_sorted,6602
71800,random,13459
71800,reversed,5957
71800,almost_sorted,6607
71900,random,13486
71900,reversed,5833
71900,almost_sorted,6891
72000,random,12459
72000,reversed,5742
72000,almost_sorted,6609
72100,random,20132
72100,reversed,6079
72100,almost_sorted,7023
72200,random,12511
72200,reversed,6029
72200,almost_sorted,6873
72300,random,13417
72300,reversed,5939
72300,almost_sorted,6610
72400,random,16135
72400,reversed,5982
72400,almost_sorted,7046
72500,random,12954
72500,reversed,5979
72500,almost_sorted,6608
72600,random,12491
72600,reversed,6173
72600,almost_sorted,6782
72700,random,12865
72700,reversed,10643
72700,almost_sorted,7921
72800,random,12581
72800,reversed,5810
72800,almost_sorted,7205
72900,random,12732
72900,reversed,5955
72900,almost_sorted,6616
73000,random,12805
73000,reversed,5984
73000,almost_sorted,7300
73100,random,12703
73100,reversed,5862
73100,almost_sorted,6870
73200,random,12708
73200,reversed,5864
73200,almost_sorted,7339
73300,random,13424
73300,reversed,6106
73300,almost_sorted,6687
73400,random,12895
73400,reversed,5897
73400,almost_sorted,7017
73500,random,12682
73500,reversed,6047
73500,almost_sorted,6782
73600,random,12780
73600,reversed,5900
73600,almost_sorted,6693
73700,random,13060
73700,reversed,5843
73700,almost_sorted,7050
73800,random,13253
73800,reversed,6307
73800,almost_sorted,7382
73900,random,13020
73900,reversed,6170
73900,almost_sorted,7697
74000,random,12933
74000,reversed,6177
74000,almost_sorted,7165
74100,random,12924
74100,reversed,6074
74100,almost_sorted,7099
74200,random,12737
74200,reversed,6127
74200,almost_sorted,6950
74300,random,13010
74300,reversed,6718
74300,almost_sorted,6900
74400,random,13202
74400,reversed,6208
74400,almost_sorted,6936
74500,random,13095
74500,reversed,6146
74500,almost_sorted,6839
74600,random,12952
74600,reversed,6104
74600,almost_sorted,6993
74700,random,12800
74700,reversed,6070
74700,almost_sorted,7147
74800,random,12978
74800,reversed,6449
74800,almost_sorted,7093
74900,random,13037
74900,reversed,7057
74900,almost_sorted,7769
75000,random,12979
75000,reversed,6137
75000,almost_sorted,6915
75100,random,13037
75100,reversed,6013
75100,almost_sorted,7173
75200,random,13820
75200,reversed,6620
75200,almost_sorted,9783
75300,random,13333
75300,reversed,5969
75300,almost_sorted,7423
75400,random,13414
75400,reversed,6358
75400,almost_sorted,9658
75500,random,13857
75500,reversed,6234
75500,almost_sorted,9143
75600,random,17535
75600,reversed,8193
75600,almost_sorted,7446
75700,random,15636
75700,reversed,8488
75700,almost_sorted,9404
75800,random,13357
75800,reversed,6131
75800,almost_sorted,7216
75900,random,17123
75900,reversed,6770
75900,almost_sorted,7390
76000,random,15434
76000,reversed,6602
76000,almost_sorted,10390
76100,random,13739
76100,reversed,7899
76100,almost_sorted,10845
76200,random,14004
76200,reversed,6096
76200,almost_sorted,7241
76300,random,14960
76300,reversed,7735
76300,almost_sorted,11596
76400,random,14201
76400,reversed,7052
76400,almost_sorted,7369
76500,random,15569
76500,reversed,6730
76500,almost_sorted,7458
76600,random,14267
76600,reversed,6482
76600,almost_sorted,7282
76700,random,13834
76700,reversed,6406
76700,almost_sorted,7063
76800,random,13697
76800,reversed,6264
76800,almost_sorted,7058
76900,random,13419
76900,reversed,6604
76900,almost_sorted,7498
77000,random,14646
77000,reversed,6631
77000,almost_sorted,7052
77100,random,13610
77100,reversed,6380
77100,almost_sorted,7094
77200,random,13425
77200,reversed,6666
77200,almost_sorted,8132
77300,random,13525
77300,reversed,6619
77300,almost_sorted,7180
77400,random,13366
77400,reversed,6580
77400,almost_sorted,7443
77500,random,13619
77500,reversed,6470
77500,almost_sorted,7349
77600,random,13554
77600,reversed,6233
77600,almost_sorted,9360
77700,random,13890
77700,reversed,6641
77700,almost_sorted,7448
77800,random,13474
77800,reversed,6579
77800,almost_sorted,7420
77900,random,13729
77900,reversed,6452
77900,almost_sorted,7371
78000,random,13506
78000,reversed,6517
78000,almost_sorted,7401
78100,random,13618
78100,reversed,6795
78100,almost_sorted,7119
78200,random,14079
78200,reversed,6429
78200,almost_sorted,7222
78300,random,13536
78300,reversed,6713
78300,almost_sorted,7251
78400,random,13857
78400,reversed,6345
78400,almost_sorted,7295
78500,random,13813
78500,reversed,6955
78500,almost_sorted,7501
78600,random,13841
78600,reversed,6502
78600,almost_sorted,7454
78700,random,14270
78700,reversed,7677
78700,almost_sorted,9546
78800,random,13642
78800,reversed,6512
78800,almost_sorted,7388
78900,random,14713
78900,reversed,6706
78900,almost_sorted,7704
79000,random,14708
79000,reversed,6725
79000,almost_sorted,7631
79100,random,14048
79100,reversed,6839
79100,almost_sorted,7780
79200,random,14069
79200,reversed,6460
79200,almost_sorted,7460
79300,random,16840
79300,reversed,6581
79300,almost_sorted,7586
79400,random,15637
79400,reversed,6687
79400,almost_sorted,7768
79500,random,23588
79500,reversed,10042
79500,almost_sorted,9888
79600,random,15192
79600,reversed,7064
79600,almost_sorted,7437
79700,random,14333
79700,reversed,6444
79700,almost_sorted,7730
79800,random,15222
79800,reversed,6714
79800,almost_sorted,7509
79900,random,15263
79900,reversed,7327
79900,almost_sorted,7382
80000,random,14402
80000,reversed,6723
80000,almost_sorted,8430
80100,random,22700
80100,reversed,6999
80100,almost_sorted,8223
80200,random,14749
80200,reversed,6900
80200,almost_sorted,7624
80300,random,23256
80300,reversed,8661
80300,almost_sorted,15166
80400,random,23248
80400,reversed,7858
80400,almost_sorted,7936
80500,random,15219
80500,reversed,6886
80500,almost_sorted,7692
80600,random,14134
80600,reversed,6493
80600,almost_sorted,7936
80700,random,13851
80700,reversed,12199
80700,almost_sorted,7929
80800,random,14182
80800,reversed,6745
80800,almost_sorted,7499
80900,random,13838
80900,reversed,6928
80900,almost_sorted,7896
81000,random,16010
81000,reversed,7089
81000,almost_sorted,7565
81100,random,14278
81100,reversed,7510
81100,almost_sorted,11522
81200,random,16780
81200,reversed,6819
81200,almost_sorted,10878
81300,random,14188
81300,reversed,7495
81300,almost_sorted,7552
81400,random,16678
81400,reversed,7819
81400,almost_sorted,12953
81500,random,16994
81500,reversed,7288
81500,almost_sorted,12189
81600,random,16228
81600,reversed,6622
81600,almost_sorted,7640
81700,random,15320
81700,reversed,6631
81700,almost_sorted,7799
81800,random,14207
81800,reversed,6872
81800,almost_sorted,7777
81900,random,14220
81900,reversed,7072
81900,almost_sorted,7706
82000,random,14256
82000,reversed,6685
82000,almost_sorted,8324
82100,random,16801
82100,reversed,7191
82100,almost_sorted,7801
82200,random,15551
82200,reversed,7089
82200,almost_sorted,9002
82300,random,14308
82300,reversed,6621
82300,almost_sorted,7611
82400,random,15284
82400,reversed,7208
82400,almost_sorted,7783
82500,random,15501
82500,reversed,7166
82500,almost_sorted,8456
82600,random,16786
82600,reversed,7084
82600,almost_sorted,8066
82700,random,15499
82700,reversed,6760
82700,almost_sorted,7963
82800,random,14744
82800,reversed,7562
82800,almost_sorted,8224
82900,random,14385
82900,reversed,7076
82900,almost_sorted,7725
83000,random,14920
83000,reversed,7052
83000,almost_sorted,7732
83100,random,14486
83100,reversed,7088
83100,almost_sorted,8981
83200,random,16136
83200,reversed,7366
83200,almost_sorted,7775
83300,random,14888
83300,reversed,7012
83300,almost_sorted,7807
83400,random,14611
83400,reversed,7041
83400,almost_sorted,7701
83500,random,14519
83500,reversed,7232
83500,almost_sorted,7756
83600,random,14930
83600,reversed,7030
83600,almost_sorted,8114
83700,random,14422
83700,reversed,7056
83700,almost_sorted,7882
83800,random,15143
83800,reversed,8786
83800,almost_sorted,9384
83900,random,14746
83900,reversed,7049
83900,almost_sorted,8066
84000,random,14731
84000,reversed,6964
84000,almost_sorted,7744
84100,random,14908
84100,reversed,6907
84100,almost_sorted,8235
84200,random,14502
84200,reversed,6976
84200,almost_sorted,8596
84300,random,15107
84300,reversed,7516
84300,almost_sorted,7754
84400,random,14697
84400,reversed,7124
84400,almost_sorted,7770
84500,random,21416
84500,reversed,8381
84500,almost_sorted,7895
84600,random,16513
84600,reversed,7276
84600,almost_sorted,8023
84700,random,14906
84700,reversed,7125
84700,almost_sorted,7744
84800,random,15143
84800,reversed,6988
84800,almost_sorted,7964
84900,random,16650
84900,reversed,9812
84900,almost_sorted,12208
85000,random,14927
85000,reversed,7394
85000,almost_sorted,8144
85100,random,15397
85100,reversed,8108
85100,almost_sorted,8175
85200,random,15072
85200,reversed,7091
85200,almost_sorted,7994
85300,random,15190
85300,reversed,7157
85300,almost_sorted,8240
85400,random,16336
85400,reversed,7255
85400,almost_sorted,8435
85500,random,15381
85500,reversed,7022
85500,almost_sorted,12695
85600,random,14827
85600,reversed,7155
85600,almost_sorted,8282
85700,random,15385
85700,reversed,7448
85700,almost_sorted,8184
85800,random,15211
85800,reversed,6998
85800,almost_sorted,12364
85900,random,15191
85900,reversed,7657
85900,almost_sorted,7929
86000,random,14927
86000,reversed,7345
86000,almost_sorted,8224
86100,random,15029
86100,reversed,7327
86100,almost_sorted,8348
86200,random,15124
86200,reversed,7169
86200,almost_sorted,8483
86300,random,15309
86300,reversed,7082
86300,almost_sorted,8261
86400,random,16531
86400,reversed,7850
86400,almost_sorted,8574
86500,random,15391
86500,reversed,7638
86500,almost_sorted,8477
86600,random,15633
86600,reversed,11939
86600,almost_sorted,9017
86700,random,15957
86700,reversed,7329
86700,almost_sorted,8513
86800,random,15529
86800,reversed,7343
86800,almost_sorted,8073
86900,random,16821
86900,reversed,8040
86900,almost_sorted,8528
87000,random,15569
87000,reversed,7530
87000,almost_sorted,8369
87100,random,17153
87100,reversed,8654
87100,almost_sorted,9173
87200,random,21582
87200,reversed,11498
87200,almost_sorted,13158
87300,random,16365
87300,reversed,14592
87300,almost_sorted,9080
87400,random,16698
87400,reversed,9933
87400,almost_sorted,8578
87500,random,21408
87500,reversed,11166
87500,almost_sorted,11425
87600,random,21245
87600,reversed,9913
87600,almost_sorted,12478
87700,random,17584
87700,reversed,8016
87700,almost_sorted,9716
87800,random,17966
87800,reversed,8294
87800,almost_sorted,9594
87900,random,15508
87900,reversed,7476
87900,almost_sorted,8579
88000,random,15436
88000,reversed,7435
88000,almost_sorted,8245
88100,random,25674
88100,reversed,7998
88100,almost_sorted,8455
88200,random,15761
88200,reversed,9515
88200,almost_sorted,8707
88300,random,17207
88300,reversed,8511
88300,almost_sorted,9073
88400,random,16615
88400,reversed,10225
88400,almost_sorted,11008
88500,random,19556
88500,reversed,7994
88500,almost_sorted,9387
88600,random,17939
88600,reversed,9319
88600,almost_sorted,8508
88700,random,18370
88700,reversed,10083
88700,almost_sorted,8843
88800,random,19962
88800,reversed,7992
88800,almost_sorted,9237
88900,random,20042
88900,reversed,7156
88900,almost_sorted,14884
89000,random,17815
89000,reversed,8364
89000,almost_sorted,11231
89100,random,20322
89100,reversed,11745
89100,almost_sorted,12563
89200,random,16980
89200,reversed,10712
89200,almost_sorted,10294
89300,random,15566
89300,reversed,7704
89300,almost_sorted,8529
89400,random,15643
89400,reversed,7402
89400,almost_sorted,8544
89500,random,15543
89500,reversed,7461
89500,almost_sorted,8369
89600,random,15875
89600,reversed,7764
89600,almost_sorted,8741
89700,random,15645
89700,reversed,7588
89700,almost_sorted,8509
89800,random,15717
89800,reversed,12009
89800,almost_sorted,9176
89900,random,15718
89900,reversed,7477
89900,almost_sorted,8290
90000,random,19243
90000,reversed,9734
90000,almost_sorted,10811
90100,random,22100
90100,reversed,7756
90100,almost_sorted,8545
90200,random,22550
90200,reversed,8309
90200,almost_sorted,8509
90300,random,26251
90300,reversed,7579
90300,almost_sorted,8933
90400,random,16059
90400,reversed,7617
90400,almost_sorted,8478
90500,random,16002
90500,reversed,7544
90500,almost_sorted,8696
90600,random,16085
90600,reversed,7622
90600,almost_sorted,8977
90700,random,16097
90700,reversed,7845
90700,almost_sorted,9712
90800,random,16178
90800,reversed,7735
90800,almost_sorted,9186
90900,random,15922
90900,reversed,7541
90900,almost_sorted,8974
91000,random,16157
91000,reversed,7849
91000,almost_sorted,8853
91100,random,16368
91100,reversed,7721
91100,almost_sorted,8843
91200,random,16271
91200,reversed,7954
91200,almost_sorted,8659
91300,random,16489
91300,reversed,7596
91300,almost_sorted,8734
91400,random,16223
91400,reversed,7641
91400,almost_sorted,8877
91500,random,16273
91500,reversed,7929
91500,almost_sorted,8782
91600,random,16131
91600,reversed,8503
91600,almost_sorted,13476
91700,random,16140
91700,reversed,7926
91700,almost_sorted,8732
91800,random,16068
91800,reversed,8432
91800,almost_sorted,9015
91900,random,17001
91900,reversed,7577
91900,almost_sorted,8839
92000,random,16618
92000,reversed,8105
92000,almost_sorted,8851
92100,random,16342
92100,reversed,7947
92100,almost_sorted,8715
92200,random,16270
92200,reversed,7925
92200,almost_sorted,8854
92300,random,16261
92300,reversed,7771
92300,almost_sorted,9286
92400,random,16113
92400,reversed,7499
92400,almost_sorted,8984
92500,random,16999
92500,reversed,9939
92500,almost_sorted,12379
92600,random,17254
92600,reversed,7970
92600,almost_sorted,8972
92700,random,16795
92700,reversed,8058
92700,almost_sorted,9429
92800,random,16352
92800,reversed,7844
92800,almost_sorted,8824
92900,random,16709
92900,reversed,8233
92900,almost_sorted,10775
93000,random,17372
93000,reversed,7832
93000,almost_sorted,8849
93100,random,16548
93100,reversed,8265
93100,almost_sorted,9001
93200,random,17068
93200,reversed,8175
93200,almost_sorted,8968
93300,random,17010
93300,reversed,7909
93300,almost_sorted,8846
93400,random,21443
93400,reversed,7898
93400,almost_sorted,9003
93500,random,16586
93500,reversed,7896
93500,almost_sorted,9081
93600,random,16263
93600,reversed,10721
93600,almost_sorted,9458
93700,random,20277
93700,reversed,7838
93700,almost_sorted,8703
93800,random,16629
93800,reversed,8039
93800,almost_sorted,9060
93900,random,22059
93900,reversed,8139
93900,almost_sorted,8931
94000,random,17713
94000,reversed,8361
94000,almost_sorted,9071
94100,random,18341
94100,reversed,8124
94100,almost_sorted,8854
94200,random,17045
94200,reversed,8158
94200,almost_sorted,9005
94300,random,16741
94300,reversed,7804
94300,almost_sorted,9172
94400,random,16523
94400,reversed,8678
94400,almost_sorted,9034
94500,random,16731
94500,reversed,8123
94500,almost_sorted,9259
94600,random,17127
94600,reversed,7947
94600,almost_sorted,9055
94700,random,17543
94700,reversed,8031
94700,almost_sorted,9083
94800,random,16681
94800,reversed,7823
94800,almost_sorted,9039
94900,random,16542
94900,reversed,7840
94900,almost_sorted,9520
95000,random,17448
95000,reversed,9535
95000,almost_sorted,9353
95100,random,17111
95100,reversed,8232
95100,almost_sorted,10118
95200,random,17087
95200,reversed,8331
95200,almost_sorted,9002
95300,random,16941
95300,reversed,8408
95300,almost_sorted,10238
95400,random,20093
95400,reversed,8336
95400,almost_sorted,9061
95500,random,16869
95500,reversed,8008
95500,almost_sorted,9224
95600,random,17274
95600,reversed,8037
95600,almost_sorted,11175
95700,random,16832
95700,reversed,8169
95700,almost_sorted,9322
95800,random,16898
95800,reversed,7874
95800,almost_sorted,9508
95900,random,16838
95900,reversed,7975
95900,almost_sorted,9050
96000,random,16783
96000,reversed,8280
96000,almost_sorted,9175
96100,random,16887
96100,reversed,8163
96100,almost_sorted,9526
96200,random,16778
96200,reversed,8193
96200,almost_sorted,9306
96300,random,16883
96300,reversed,8228
96300,almost_sorted,9156
96400,random,17286
96400,reversed,10780
96400,almost_sorted,9242
96500,random,18870
96500,reversed,8036
96500,almost_sorted,9215
96600,random,17124
96600,reversed,8395
96600,almost_sorted,9101
96700,random,20625
96700,reversed,8181
96700,almost_sorted,9454
96800,random,17169
96800,reversed,8031
96800,almost_sorted,9306
96900,random,18632
96900,reversed,8299
96900,almost_sorted,9306
97000,random,17187
97000,reversed,14518
97000,almost_sorted,9377
97100,random,17116
97100,reversed,8426
97100,almost_sorted,9257
97200,random,17243
97200,reversed,8159
97200,almost_sorted,9390
97300,random,17147
97300,reversed,8583
97300,almost_sorted,9269
97400,random,17331
97400,reversed,8680
97400,almost_sorted,10078
97500,random,17600
97500,reversed,8175
97500,almost_sorted,9751
97600,random,18276
97600,reversed,8732
97600,almost_sorted,9407
97700,random,17233
97700,reversed,8070
97700,almost_sorted,9638
97800,random,17409
97800,reversed,8125
97800,almost_sorted,9419
97900,random,19574
97900,reversed,13388
97900,almost_sorted,12326
98000,random,17256
98000,reversed,8359
98000,almost_sorted,9746
98100,random,18116
98100,reversed,8996
98100,almost_sorted,10169
98200,random,18062
98200,reversed,8794
98200,almost_sorted,9658
98300,random,17482
98300,reversed,8632
98300,almost_sorted,9610
98400,random,18309
98400,reversed,8753
98400,almost_sorted,9995
98500,random,17446
98500,reversed,8105
98500,almost_sorted,9374
98600,random,17765
98600,reversed,8341
98600,almost_sorted,9452
98700,random,17435
98700,reversed,11946
98700,almost_sorted,9396
98800,random,17567
98800,reversed,8430
98800,almost_sorted,10106
98900,random,21736
98900,reversed,8377
98900,almost_sorted,10512
99000,random,17632
99000,reversed,8494
99000,almost_sorted,9629
99100,random,17726
99100,reversed,8453
99100,almost_sorted,9551
99200,random,17357
99200,reversed,11506
99200,almost_sorted,9859
99300,random,25565
99300,reversed,12777
99300,almost_sorted,10494
99400,random,17755
99400,reversed,8585
99400,almost_sorted,10509
99500,random,17439
99500,reversed,8940
99500,almost_sorted,9474
99600,random,19119
99600,reversed,9043
99600,almost_sorted,9629
99700,random,17792
99700,reversed,8760
99700,almost_sorted,10115
99800,random,20236
99800,reversed,9433
99800,almost_sorted,9594
99900,random,17883
99900,reversed,8364
99900,almost_sorted,10396
100000,random,17599
100000,reversed,8557
100000,almost_sorted,9535
